d33c213,Create loc.csv,SAMSOOSEO,2025-11-04
ac5fad3,d,SAMSOOSEO,2025-11-04
9333d39,d,SAMSOOSEO,2025-11-04
117b18d,dd,SAMSOOSEO,2025-11-04
b839aef,Add cache-busting to CSV load,SAMSOOSEO,2025-11-04
9865b00,d,SAMSOOSEO,2025-11-04
1d67c8f,Fix paths for meta folder,SAMSOOSEO,2025-11-04
d274ec4,d,SAMSOOSEO,2025-11-04
38cdda7,Update main.js,SAMSOOSEO,2025-11-04
d958658,d,SAMSOOSEO,2025-11-04
f8d19b1,d,SAMSOOSEO,2025-11-04
40c1771,Update main.js,SAMSOOSEO,2025-11-04
90b4bf0,d,SAMSOOSEO,2025-11-04
2ec77f6,Update main.js for tooltip behavior,SAMSOOSEO,2025-11-04
8434b9a,d,SAMSOOSEO,2025-11-04
f2b4774,ggggg,SAMSOOSEO,2025-11-03
4fc5888,cdccc,SAMSOOSEO,2025-11-03
6abcfce,ccc,SAMSOOSEO,2025-11-03
71647de,upload,SAMSOOSEO,2025-11-03
b3c7eb8,main,SAMSOOSEO,2025-11-03
540abc3,Initial commit,SAMSOOSEO,2025-11-03